PRAGMA foreign_keys=OFF;
BEGIN TRANSACTION;
CREATE TABLE ab_permission (
	id INTEGER NOT NULL, 
	name VARCHAR(100) NOT NULL, 
	PRIMARY KEY (id), 
	UNIQUE (name)
);
INSERT INTO ab_permission VALUES(1,'can_this_form_post');
INSERT INTO ab_permission VALUES(2,'can_this_form_get');
INSERT INTO ab_permission VALUES(3,'can_userinfo');
INSERT INTO ab_permission VALUES(4,'can_delete');
INSERT INTO ab_permission VALUES(5,'can_edit');
INSERT INTO ab_permission VALUES(6,'can_show');
INSERT INTO ab_permission VALUES(7,'can_add');
INSERT INTO ab_permission VALUES(8,'can_download');
INSERT INTO ab_permission VALUES(9,'can_list');
INSERT INTO ab_permission VALUES(10,'resetmypassword');
INSERT INTO ab_permission VALUES(11,'resetpasswords');
INSERT INTO ab_permission VALUES(12,'userinfoedit');
INSERT INTO ab_permission VALUES(13,'menu_access');
INSERT INTO ab_permission VALUES(14,'copyrole');
INSERT INTO ab_permission VALUES(15,'can_chart');
INSERT INTO ab_permission VALUES(16,'can_get');
INSERT INTO ab_permission VALUES(17,'can_method1');
INSERT INTO ab_permission VALUES(18,'can_method2');
INSERT INTO ab_permission VALUES(19,'can_method3');
INSERT INTO ab_permission VALUES(20,'myaction');
INSERT INTO ab_permission VALUES(21,'can_last_seven');
INSERT INTO ab_permission VALUES(22,'can_table');
INSERT INTO ab_permission VALUES(23,'can_seven');
CREATE TABLE ab_view_menu (
	id INTEGER NOT NULL, 
	name VARCHAR(250) NOT NULL, 
	PRIMARY KEY (id), 
	UNIQUE (name)
);
INSERT INTO ab_view_menu VALUES(1,'IndexView');
INSERT INTO ab_view_menu VALUES(2,'UtilView');
INSERT INTO ab_view_menu VALUES(3,'LocaleView');
INSERT INTO ab_view_menu VALUES(4,'SecurityApi');
INSERT INTO ab_view_menu VALUES(5,'ResetPasswordView');
INSERT INTO ab_view_menu VALUES(6,'ResetMyPasswordView');
INSERT INTO ab_view_menu VALUES(7,'UserInfoEditView');
INSERT INTO ab_view_menu VALUES(8,'AuthDBView');
INSERT INTO ab_view_menu VALUES(9,'UserDBModelView');
INSERT INTO ab_view_menu VALUES(10,'List Users');
INSERT INTO ab_view_menu VALUES(11,'Security');
INSERT INTO ab_view_menu VALUES(12,'RoleModelView');
INSERT INTO ab_view_menu VALUES(13,'List Roles');
INSERT INTO ab_view_menu VALUES(14,'UserStatsChartView');
INSERT INTO ab_view_menu VALUES(15,'User''s Statistics');
INSERT INTO ab_view_menu VALUES(16,'PermissionModelView');
INSERT INTO ab_view_menu VALUES(17,'Base Permissions');
INSERT INTO ab_view_menu VALUES(18,'ViewMenuModelView');
INSERT INTO ab_view_menu VALUES(19,'Views/Menus');
INSERT INTO ab_view_menu VALUES(20,'PermissionViewModelView');
INSERT INTO ab_view_menu VALUES(21,'Permission on Views/Menus');
INSERT INTO ab_view_menu VALUES(22,'MenuApi');
INSERT INTO ab_view_menu VALUES(23,'RegisterUserDBView');
INSERT INTO ab_view_menu VALUES(24,'RegisterUserModelView');
INSERT INTO ab_view_menu VALUES(25,'MyView');
INSERT INTO ab_view_menu VALUES(26,'Method1');
INSERT INTO ab_view_menu VALUES(27,'My View');
INSERT INTO ab_view_menu VALUES(28,'Method2');
INSERT INTO ab_view_menu VALUES(29,'Method3');
INSERT INTO ab_view_menu VALUES(30,'PlayModelView');
INSERT INTO ab_view_menu VALUES(31,'List Plays');
INSERT INTO ab_view_menu VALUES(32,'Plays');
INSERT INTO ab_view_menu VALUES(33,'PlayChartView');
INSERT INTO ab_view_menu VALUES(34,'Show Play Chart');
INSERT INTO ab_view_menu VALUES(35,'Statistics');
INSERT INTO ab_view_menu VALUES(36,'PlayChartView2');
INSERT INTO ab_view_menu VALUES(37,'Show Play Chart2');
INSERT INTO ab_view_menu VALUES(38,'CustomPlayModelView');
INSERT INTO ab_view_menu VALUES(39,'List Custom Plays');
CREATE TABLE ab_role (
	id INTEGER NOT NULL, 
	name VARCHAR(64) NOT NULL, 
	PRIMARY KEY (id), 
	UNIQUE (name)
);
INSERT INTO ab_role VALUES(1,'Admin');
INSERT INTO ab_role VALUES(2,'Public');
CREATE TABLE ab_user (
	id INTEGER NOT NULL, 
	first_name VARCHAR(64) NOT NULL, 
	last_name VARCHAR(64) NOT NULL, 
	username VARCHAR(64) NOT NULL, 
	password VARCHAR(256), 
	active INTEGER, 
	email VARCHAR(64) NOT NULL, 
	last_login timestamp, 
	login_count INTEGER, 
	fail_login_count INTEGER, 
	created_on timestamp, 
	changed_on timestamp, 
	created_by_fk INTEGER, 
	changed_by_fk INTEGER, 
	PRIMARY KEY (id), 
	UNIQUE (username), 
	UNIQUE (email), 
	FOREIGN KEY(created_by_fk) REFERENCES ab_user (id), 
	FOREIGN KEY(changed_by_fk) REFERENCES ab_user (id)
);
INSERT INTO ab_user VALUES(1,'aaron','roberts','aarondawg14','pbkdf2:sha256:260000$TBkCnoB1gUsahpq4$ef06e011b8870b7d6a50a2fb3153cc58fd14fab394dd7d1315a727e6055eabb7',1,'aarondawg14@gmail.com','2022-12-06 12:47:38.915251',1,0,'2022-12-06 12:46:13.714975','2022-12-06 12:46:13.714982',NULL,NULL);
CREATE TABLE ab_register_user (
	id INTEGER NOT NULL, 
	first_name VARCHAR(64) NOT NULL, 
	last_name VARCHAR(64) NOT NULL, 
	username VARCHAR(64) NOT NULL, 
	password VARCHAR(256), 
	email VARCHAR(64) NOT NULL, 
	registration_date timestamp, 
	registration_hash VARCHAR(256), 
	PRIMARY KEY (id), 
	UNIQUE (username)
);
CREATE TABLE ab_permission_view (
	id INTEGER NOT NULL, 
	permission_id INTEGER, 
	view_menu_id INTEGER, 
	PRIMARY KEY (id), 
	UNIQUE (permission_id, view_menu_id), 
	FOREIGN KEY(permission_id) REFERENCES ab_permission (id), 
	FOREIGN KEY(view_menu_id) REFERENCES ab_view_menu (id)
);
INSERT INTO ab_permission_view VALUES(1,1,5);
INSERT INTO ab_permission_view VALUES(2,2,5);
INSERT INTO ab_permission_view VALUES(3,1,6);
INSERT INTO ab_permission_view VALUES(4,2,6);
INSERT INTO ab_permission_view VALUES(5,1,7);
INSERT INTO ab_permission_view VALUES(6,2,7);
INSERT INTO ab_permission_view VALUES(7,3,9);
INSERT INTO ab_permission_view VALUES(8,4,9);
INSERT INTO ab_permission_view VALUES(9,5,9);
INSERT INTO ab_permission_view VALUES(10,6,9);
INSERT INTO ab_permission_view VALUES(11,7,9);
INSERT INTO ab_permission_view VALUES(12,8,9);
INSERT INTO ab_permission_view VALUES(13,9,9);
INSERT INTO ab_permission_view VALUES(14,10,9);
INSERT INTO ab_permission_view VALUES(15,11,9);
INSERT INTO ab_permission_view VALUES(16,12,9);
INSERT INTO ab_permission_view VALUES(17,13,10);
INSERT INTO ab_permission_view VALUES(18,13,11);
INSERT INTO ab_permission_view VALUES(19,4,12);
INSERT INTO ab_permission_view VALUES(20,5,12);
INSERT INTO ab_permission_view VALUES(21,6,12);
INSERT INTO ab_permission_view VALUES(22,7,12);
INSERT INTO ab_permission_view VALUES(23,8,12);
INSERT INTO ab_permission_view VALUES(24,9,12);
INSERT INTO ab_permission_view VALUES(25,14,12);
INSERT INTO ab_permission_view VALUES(26,13,13);
INSERT INTO ab_permission_view VALUES(27,15,14);
INSERT INTO ab_permission_view VALUES(28,13,15);
INSERT INTO ab_permission_view VALUES(29,9,16);
INSERT INTO ab_permission_view VALUES(30,13,17);
INSERT INTO ab_permission_view VALUES(31,9,18);
INSERT INTO ab_permission_view VALUES(32,13,19);
INSERT INTO ab_permission_view VALUES(33,9,20);
INSERT INTO ab_permission_view VALUES(34,13,21);
INSERT INTO ab_permission_view VALUES(35,16,22);
INSERT INTO ab_permission_view VALUES(36,9,24);
INSERT INTO ab_permission_view VALUES(37,6,24);
INSERT INTO ab_permission_view VALUES(38,4,24);
INSERT INTO ab_permission_view VALUES(39,17,25);
INSERT INTO ab_permission_view VALUES(40,18,25);
INSERT INTO ab_permission_view VALUES(41,13,26);
INSERT INTO ab_permission_view VALUES(42,13,27);
INSERT INTO ab_permission_view VALUES(43,13,28);
INSERT INTO ab_permission_view VALUES(44,19,25);
INSERT INTO ab_permission_view VALUES(45,13,29);
INSERT INTO ab_permission_view VALUES(46,9,30);
INSERT INTO ab_permission_view VALUES(47,6,30);
INSERT INTO ab_permission_view VALUES(48,8,30);
INSERT INTO ab_permission_view VALUES(49,5,30);
INSERT INTO ab_permission_view VALUES(50,4,30);
INSERT INTO ab_permission_view VALUES(51,7,30);
INSERT INTO ab_permission_view VALUES(52,13,31);
INSERT INTO ab_permission_view VALUES(53,13,32);
INSERT INTO ab_permission_view VALUES(54,15,33);
INSERT INTO ab_permission_view VALUES(55,13,34);
INSERT INTO ab_permission_view VALUES(56,13,35);
INSERT INTO ab_permission_view VALUES(57,15,36);
INSERT INTO ab_permission_view VALUES(58,13,37);
INSERT INTO ab_permission_view VALUES(59,7,38);
INSERT INTO ab_permission_view VALUES(60,6,38);
INSERT INTO ab_permission_view VALUES(61,5,38);
INSERT INTO ab_permission_view VALUES(62,8,38);
INSERT INTO ab_permission_view VALUES(63,4,38);
INSERT INTO ab_permission_view VALUES(64,9,38);
INSERT INTO ab_permission_view VALUES(65,13,39);
INSERT INTO ab_permission_view VALUES(66,20,38);
INSERT INTO ab_permission_view VALUES(67,21,38);
INSERT INTO ab_permission_view VALUES(68,22,38);
INSERT INTO ab_permission_view VALUES(69,23,38);
CREATE TABLE ab_user_role (
	id INTEGER NOT NULL, 
	user_id INTEGER, 
	role_id INTEGER, 
	PRIMARY KEY (id), 
	UNIQUE (user_id, role_id), 
	FOREIGN KEY(user_id) REFERENCES ab_user (id), 
	FOREIGN KEY(role_id) REFERENCES ab_role (id)
);
INSERT INTO ab_user_role VALUES(1,1,1);
CREATE TABLE ab_permission_view_role (
	id INTEGER NOT NULL, 
	permission_view_id INTEGER, 
	role_id INTEGER, 
	PRIMARY KEY (id), 
	UNIQUE (permission_view_id, role_id), 
	FOREIGN KEY(permission_view_id) REFERENCES ab_permission_view (id), 
	FOREIGN KEY(role_id) REFERENCES ab_role (id)
);
INSERT INTO ab_permission_view_role VALUES(1,1,1);
INSERT INTO ab_permission_view_role VALUES(2,2,1);
INSERT INTO ab_permission_view_role VALUES(3,3,1);
INSERT INTO ab_permission_view_role VALUES(4,4,1);
INSERT INTO ab_permission_view_role VALUES(5,5,1);
INSERT INTO ab_permission_view_role VALUES(6,6,1);
INSERT INTO ab_permission_view_role VALUES(7,7,1);
INSERT INTO ab_permission_view_role VALUES(8,8,1);
INSERT INTO ab_permission_view_role VALUES(9,9,1);
INSERT INTO ab_permission_view_role VALUES(10,10,1);
INSERT INTO ab_permission_view_role VALUES(11,11,1);
INSERT INTO ab_permission_view_role VALUES(12,12,1);
INSERT INTO ab_permission_view_role VALUES(13,13,1);
INSERT INTO ab_permission_view_role VALUES(14,14,1);
INSERT INTO ab_permission_view_role VALUES(15,15,1);
INSERT INTO ab_permission_view_role VALUES(16,16,1);
INSERT INTO ab_permission_view_role VALUES(17,17,1);
INSERT INTO ab_permission_view_role VALUES(18,18,1);
INSERT INTO ab_permission_view_role VALUES(19,19,1);
INSERT INTO ab_permission_view_role VALUES(20,20,1);
INSERT INTO ab_permission_view_role VALUES(21,21,1);
INSERT INTO ab_permission_view_role VALUES(22,22,1);
INSERT INTO ab_permission_view_role VALUES(23,23,1);
INSERT INTO ab_permission_view_role VALUES(24,24,1);
INSERT INTO ab_permission_view_role VALUES(25,25,1);
INSERT INTO ab_permission_view_role VALUES(26,26,1);
INSERT INTO ab_permission_view_role VALUES(27,27,1);
INSERT INTO ab_permission_view_role VALUES(28,28,1);
INSERT INTO ab_permission_view_role VALUES(29,29,1);
INSERT INTO ab_permission_view_role VALUES(30,30,1);
INSERT INTO ab_permission_view_role VALUES(31,31,1);
INSERT INTO ab_permission_view_role VALUES(32,32,1);
INSERT INTO ab_permission_view_role VALUES(33,33,1);
INSERT INTO ab_permission_view_role VALUES(34,34,1);
INSERT INTO ab_permission_view_role VALUES(35,35,1);
INSERT INTO ab_permission_view_role VALUES(36,36,1);
INSERT INTO ab_permission_view_role VALUES(37,37,1);
INSERT INTO ab_permission_view_role VALUES(38,38,1);
INSERT INTO ab_permission_view_role VALUES(39,39,1);
INSERT INTO ab_permission_view_role VALUES(40,40,1);
INSERT INTO ab_permission_view_role VALUES(41,41,1);
INSERT INTO ab_permission_view_role VALUES(42,42,1);
INSERT INTO ab_permission_view_role VALUES(43,43,1);
INSERT INTO ab_permission_view_role VALUES(44,44,1);
INSERT INTO ab_permission_view_role VALUES(45,45,1);
INSERT INTO ab_permission_view_role VALUES(46,46,1);
INSERT INTO ab_permission_view_role VALUES(47,47,1);
INSERT INTO ab_permission_view_role VALUES(48,48,1);
INSERT INTO ab_permission_view_role VALUES(49,49,1);
INSERT INTO ab_permission_view_role VALUES(50,50,1);
INSERT INTO ab_permission_view_role VALUES(51,51,1);
INSERT INTO ab_permission_view_role VALUES(52,52,1);
INSERT INTO ab_permission_view_role VALUES(53,53,1);
INSERT INTO ab_permission_view_role VALUES(54,54,1);
INSERT INTO ab_permission_view_role VALUES(55,55,1);
INSERT INTO ab_permission_view_role VALUES(56,56,1);
INSERT INTO ab_permission_view_role VALUES(57,57,1);
INSERT INTO ab_permission_view_role VALUES(58,58,1);
INSERT INTO ab_permission_view_role VALUES(59,59,1);
INSERT INTO ab_permission_view_role VALUES(60,60,1);
INSERT INTO ab_permission_view_role VALUES(61,61,1);
INSERT INTO ab_permission_view_role VALUES(62,62,1);
INSERT INTO ab_permission_view_role VALUES(63,63,1);
INSERT INTO ab_permission_view_role VALUES(64,64,1);
INSERT INTO ab_permission_view_role VALUES(65,65,1);
INSERT INTO ab_permission_view_role VALUES(66,66,1);
INSERT INTO ab_permission_view_role VALUES(67,67,1);
INSERT INTO ab_permission_view_role VALUES(68,68,1);
INSERT INTO ab_permission_view_role VALUES(69,69,1);
CREATE TABLE IF NOT EXISTS "plays" (
	"id"	INTEGER,
	"date"	TEXT,
	"away_team"	TEXT,
	"home_team"	TEXT,
	"home_spread"	REAL,
	"home_spread_price"	INTEGER,
	"away_moneyline"	INTEGER,
	"home_moneyline"	INTEGER,
	"bet"	TEXT,
	"wager"	REAL,
	"away_score"	INTEGER,
	"home_score"	INTEGER,
	"result"	TEXT,
	"profit"	INTEGER,
	"total_plays"	INTEGER,
	"total_wins"	INTEGER,
	"total_losses"	INTEGER,
	"total_pushes"	INTEGER,
	"total_profit"	INTEGER,
	"total_ats"	INTEGER,
	"total_moneyline"	INTEGER,
	"total_moneyline_wins"	INTEGER,
	"total_moneyline_losses"	INTEGER,
	"total_moneyline_pushes"	INTEGER,
	"total_moneyline_profit"	INTEGER,
	"total_ats_wins"	INTEGER,
	"total_ats_losses"	INTEGER,
	"total_ats_pushes"	INTEGER,
	"total_ats_profit"	INTEGER,
	"total_2u_wins"	INTEGER,
	"total_2u_losses"	INTEGER,
	"total_2u_pushes"	INTEGER,
	"total_2u_profit"	INTEGER,
	PRIMARY KEY("date","bet")
);
INSERT INTO plays VALUES(1,'2022-10-21 00:00:00','jazz','timberwolves',-8.0,-110,0,0,'jazz 8.0',100.0,132,126,'Win',91,NULL,NULL,NULL,NULL,NULL,NULL,NULL,NULL,NULL,NULL,NULL,NULL,NULL,NULL,NULL,NULL,NULL,NULL,NULL);
INSERT INTO plays VALUES(2,'2022-10-22 00:00:00','rockets','bucks',-13.500000000000000888,-110,0,0,'rockets 13.5',100.0,105,125,'Loss',-100,NULL,NULL,NULL,NULL,NULL,NULL,NULL,NULL,NULL,NULL,NULL,NULL,NULL,NULL,NULL,NULL,NULL,NULL,NULL);
INSERT INTO plays VALUES(3,'2022-10-22 00:00:00','spurs','76ers',-13.500000000000000888,-110,0,0,'spurs 13.5',200.0,114,105,'Win',182,NULL,NULL,NULL,NULL,NULL,NULL,NULL,NULL,NULL,NULL,NULL,NULL,NULL,NULL,NULL,NULL,NULL,NULL,NULL);
INSERT INTO plays VALUES(4,'2022-10-23 00:00:00','hornets','hawks',-10.0,-110,0,0,'hornets 10.0',100.0,126,109,'Win',91,NULL,NULL,NULL,NULL,NULL,NULL,NULL,NULL,NULL,NULL,NULL,NULL,NULL,NULL,NULL,NULL,NULL,NULL,NULL);
INSERT INTO plays VALUES(5,'2022-10-23 00:00:00','kings','warriors',-10.0,-110,0,0,'kings 10.0',100.0,125,130,'Win',91,NULL,NULL,NULL,NULL,NULL,NULL,NULL,NULL,NULL,NULL,NULL,NULL,NULL,NULL,NULL,NULL,NULL,NULL,NULL);
INSERT INTO plays VALUES(6,'2022-10-23 00:00:00','jazz','pelicans',-8.0,-110,0,0,'jazz 8.0',100.0,122,121,'Win',91,NULL,NULL,NULL,NULL,NULL,NULL,NULL,NULL,NULL,NULL,NULL,NULL,NULL,NULL,NULL,NULL,NULL,NULL,NULL);
INSERT INTO plays VALUES(7,'2022-10-24 00:00:00','spurs','timberwolves',-8.5,-110,0,0,'spurs 8.5',200.0,115,106,'Win',182,NULL,NULL,NULL,NULL,NULL,NULL,NULL,NULL,NULL,NULL,NULL,NULL,NULL,NULL,NULL,NULL,NULL,NULL,NULL);
INSERT INTO plays VALUES(8,'2022-10-24 00:00:00','pacers','76ers',-11.999999999999999644,-110,0,0,'pacers 12.0',100.0,106,120,'Loss',-100,NULL,NULL,NULL,NULL,NULL,NULL,NULL,NULL,NULL,NULL,NULL,NULL,NULL,NULL,NULL,NULL,NULL,NULL,NULL);
INSERT INTO plays VALUES(9,'2022-10-26 00:00:00','spurs','timberwolves',-9.5,-110,0,0,'spurs 9.5',200.0,122,134,'Loss',-200,NULL,NULL,NULL,NULL,NULL,NULL,NULL,NULL,NULL,NULL,NULL,NULL,NULL,NULL,NULL,NULL,NULL,NULL,NULL);
INSERT INTO plays VALUES(10,'2022-10-26 00:00:00','magic','cavaliers',-9.0,-110,0,0,'magic 9.0',100.0,92,103,'Loss',-100,NULL,NULL,NULL,NULL,NULL,NULL,NULL,NULL,NULL,NULL,NULL,NULL,NULL,NULL,NULL,NULL,NULL,NULL,NULL);
INSERT INTO plays VALUES(11,'2022-10-27 00:00:00','clippers','thunder',7.0,-110,0,0,'thunder 7.0',100.0,110,118,'Win',91,NULL,NULL,NULL,NULL,NULL,NULL,NULL,NULL,NULL,NULL,NULL,NULL,NULL,NULL,NULL,NULL,NULL,NULL,NULL);
INSERT INTO plays VALUES(12,'2022-10-28 00:00:00','cavaliers','celtics',-7.0,-110,0,0,'cavaliers 7.0',100.0,132,123,'Win',91,NULL,NULL,NULL,NULL,NULL,NULL,NULL,NULL,NULL,NULL,NULL,NULL,NULL,NULL,NULL,NULL,NULL,NULL,NULL);
INSERT INTO plays VALUES(13,'2022-10-29 00:00:00','pacers','nets',-11.000000000000000888,-110,0,0,'pacers 11.0',100.0,125,116,'Win',91,NULL,NULL,NULL,NULL,NULL,NULL,NULL,NULL,NULL,NULL,NULL,NULL,NULL,NULL,NULL,NULL,NULL,NULL,NULL);
INSERT INTO plays VALUES(14,'2022-10-29 00:00:00','warriors','hornets',10.0,-110,0,0,'hornets 10.0',100.0,113,120,'Win',91,NULL,NULL,NULL,NULL,NULL,NULL,NULL,NULL,NULL,NULL,NULL,NULL,NULL,NULL,NULL,NULL,NULL,NULL,NULL);
INSERT INTO plays VALUES(15,'2022-10-29 00:00:00','thunder','mavericks',-10.500000000000000444,-110,0,0,'thunder 10.5',100.0,117,111,'Win',91,NULL,NULL,NULL,NULL,NULL,NULL,NULL,NULL,NULL,NULL,NULL,NULL,NULL,NULL,NULL,NULL,NULL,NULL,NULL);
INSERT INTO plays VALUES(16,'2022-10-30 00:00:00','rockets','suns',-13.000000000000000444,-110,0,0,'rockets 13.0',200.0,109,124,'Loss',-200,NULL,NULL,NULL,NULL,NULL,NULL,NULL,NULL,NULL,NULL,NULL,NULL,NULL,NULL,NULL,NULL,NULL,NULL,NULL);
INSERT INTO plays VALUES(17,'2022-10-31 00:00:00','pacers','nets',-8.0,-110,0,0,'pacers 8.0',100.0,109,116,'Win',91,NULL,NULL,NULL,NULL,NULL,NULL,NULL,NULL,NULL,NULL,NULL,NULL,NULL,NULL,NULL,NULL,NULL,NULL,NULL);
INSERT INTO plays VALUES(18,'2022-10-31 00:00:00','pistons','bucks',-13.500000000000000888,-110,0,0,'pistons 13.5',100.0,108,110,'Win',91,NULL,NULL,NULL,NULL,NULL,NULL,NULL,NULL,NULL,NULL,NULL,NULL,NULL,NULL,NULL,NULL,NULL,NULL,NULL);
INSERT INTO plays VALUES(19,'2022-10-31 00:00:00','rockets','clippers',-8.5,-110,0,0,'rockets 8.5',200.0,93,95,'Win',182,NULL,NULL,NULL,NULL,NULL,NULL,NULL,NULL,NULL,NULL,NULL,NULL,NULL,NULL,NULL,NULL,NULL,NULL,NULL);
INSERT INTO plays VALUES(20,'2022-11-02 00:00:00','celtics','cavaliers',1.5,-110,0,0,'cavaliers 1.5',100.0,113,114,'Win',91,NULL,NULL,NULL,NULL,NULL,NULL,NULL,NULL,NULL,NULL,NULL,NULL,NULL,NULL,NULL,NULL,NULL,NULL,NULL);
INSERT INTO plays VALUES(21,'2022-11-02 00:00:00','celtics','cavaliers',1.5,-110,0,100,'cavaliers ML',50.0,113,114,'Win',50,NULL,NULL,NULL,NULL,NULL,NULL,NULL,NULL,NULL,NULL,NULL,NULL,NULL,NULL,NULL,NULL,NULL,NULL,NULL);
INSERT INTO plays VALUES(22,'2022-11-02 00:00:00','jazz','mavericks',-6.5,-110,0,0,'jazz 6.5',100.0,100,103,'Win',91,NULL,NULL,NULL,NULL,NULL,NULL,NULL,NULL,NULL,NULL,NULL,NULL,NULL,NULL,NULL,NULL,NULL,NULL,NULL);
INSERT INTO plays VALUES(23,'2022-11-02 00:00:00','clippers','rockets',6.0,-110,0,0,'rockets 6.0',100.0,109,101,'Loss',-100,NULL,NULL,NULL,NULL,NULL,NULL,NULL,NULL,NULL,NULL,NULL,NULL,NULL,NULL,NULL,NULL,NULL,NULL,NULL);
INSERT INTO plays VALUES(24,'2022-11-02 00:00:00','kings','heat',-4.5,-110,0,0,'kings 4.5',100.0,107,110,'Win',91,NULL,NULL,NULL,NULL,NULL,NULL,NULL,NULL,NULL,NULL,NULL,NULL,NULL,NULL,NULL,NULL,NULL,NULL,NULL);
INSERT INTO plays VALUES(25,'2022-11-02 00:00:00','kings','heat',-4.5,-110,100,0,'kings ML',50.0,107,110,'Loss',-50,NULL,NULL,NULL,NULL,NULL,NULL,NULL,NULL,NULL,NULL,NULL,NULL,NULL,NULL,NULL,NULL,NULL,NULL,NULL);
INSERT INTO plays VALUES(26,'2022-11-02 00:00:00','grizzlies','blazers',5.5,-110,0,0,'blazers 5.5',100.0,111,106,'Win',91,NULL,NULL,NULL,NULL,NULL,NULL,NULL,NULL,NULL,NULL,NULL,NULL,NULL,NULL,NULL,NULL,NULL,NULL,NULL);
INSERT INTO plays VALUES(27,'2022-11-02 00:00:00','grizzlies','blazers',5.5,-110,0,100,'blazers ML',50.0,111,106,'Loss',-50,NULL,NULL,NULL,NULL,NULL,NULL,NULL,NULL,NULL,NULL,NULL,NULL,NULL,NULL,NULL,NULL,NULL,NULL,NULL);
INSERT INTO plays VALUES(28,'2022-11-03 00:00:00','warriors','magic',9.5,-110,0,0,'magic 9.5',200.0,129,130,'Win',182,NULL,NULL,NULL,NULL,NULL,NULL,NULL,NULL,NULL,NULL,NULL,NULL,NULL,NULL,NULL,NULL,NULL,NULL,NULL);
INSERT INTO plays VALUES(29,'2022-11-04 00:00:00','bulls','celtics',-7.5,-110,0,0,'bulls 7.5',100.0,119,123,'Win',91,NULL,NULL,NULL,NULL,NULL,NULL,NULL,NULL,NULL,NULL,NULL,NULL,NULL,NULL,NULL,NULL,NULL,NULL,NULL);
INSERT INTO plays VALUES(30,'2022-11-04 00:00:00','raptors','mavericks',-4.0,-110,0,0,'raptors 4.0',100.0,110,111,'Win',91,NULL,NULL,NULL,NULL,NULL,NULL,NULL,NULL,NULL,NULL,NULL,NULL,NULL,NULL,NULL,NULL,NULL,NULL,NULL);
INSERT INTO plays VALUES(31,'2022-11-04 00:00:00','raptors','mavericks',-4.0,-110,100,0,'raptors ML',50.0,110,111,'Loss',-50,NULL,NULL,NULL,NULL,NULL,NULL,NULL,NULL,NULL,NULL,NULL,NULL,NULL,NULL,NULL,NULL,NULL,NULL,NULL);
INSERT INTO plays VALUES(32,'2022-11-04 00:00:00','warriors','pelicans',-10.500000000000000444,-110,0,0,'warriors 10.5',100.0,105,114,'Win',91,NULL,NULL,NULL,NULL,NULL,NULL,NULL,NULL,NULL,NULL,NULL,NULL,NULL,NULL,NULL,NULL,NULL,NULL,NULL);
INSERT INTO plays VALUES(33,'2022-11-04 00:00:00','jazz','lakers',-3.5,-110,0,0,'jazz 3.5',100.0,130,116,'Win',91,NULL,NULL,NULL,NULL,NULL,NULL,NULL,NULL,NULL,NULL,NULL,NULL,NULL,NULL,NULL,NULL,NULL,NULL,NULL);
INSERT INTO plays VALUES(34,'2022-11-04 00:00:00','jazz','lakers',-3.5,-110,100,0,'jazz ML',50.0,130,116,'Win',50,NULL,NULL,NULL,NULL,NULL,NULL,NULL,NULL,NULL,NULL,NULL,NULL,NULL,NULL,NULL,NULL,NULL,NULL,NULL);
INSERT INTO plays VALUES(35,'2022-11-04 00:00:00','blazers','suns',-11.999999999999999644,-110,0,0,'blazers 12.0',100.0,108,106,'Win',91,NULL,NULL,NULL,NULL,NULL,NULL,NULL,NULL,NULL,NULL,NULL,NULL,NULL,NULL,NULL,NULL,NULL,NULL,NULL);
INSERT INTO plays VALUES(36,'2022-11-05 00:00:00','spurs','nuggets',-11.499999999999999111,-110,0,0,'spurs 11.5',100.0,101,126,'Loss',-100,NULL,NULL,NULL,NULL,NULL,NULL,NULL,NULL,NULL,NULL,NULL,NULL,NULL,NULL,NULL,NULL,NULL,NULL,NULL);
INSERT INTO plays VALUES(37,'2022-11-06 00:00:00','jazz','clippers',-3.5,-110,0,0,'jazz 3.5',200.0,110,102,'Win',182,NULL,NULL,NULL,NULL,NULL,NULL,NULL,NULL,NULL,NULL,NULL,NULL,NULL,NULL,NULL,NULL,NULL,NULL,NULL);
INSERT INTO plays VALUES(38,'2022-11-06 00:00:00','jazz','clippers',-3.5,-110,100,0,'jazz ML',100.0,110,102,'Win',100,NULL,NULL,NULL,NULL,NULL,NULL,NULL,NULL,NULL,NULL,NULL,NULL,NULL,NULL,NULL,NULL,NULL,NULL,NULL);
INSERT INTO plays VALUES(39,'2022-11-07 00:00:00','nets','mavericks',-6.0,-110,0,0,'nets 6.0',100.0,94,96,'Win',91,NULL,NULL,NULL,NULL,NULL,NULL,NULL,NULL,NULL,NULL,NULL,NULL,NULL,NULL,NULL,NULL,NULL,NULL,NULL);
INSERT INTO plays VALUES(40,'2022-11-07 00:00:00','kings','warriors',-8.0,-110,0,0,'kings 8.0',200.0,113,116,'Win',182,NULL,NULL,NULL,NULL,NULL,NULL,NULL,NULL,NULL,NULL,NULL,NULL,NULL,NULL,NULL,NULL,NULL,NULL,NULL);
INSERT INTO plays VALUES(41,'2022-11-07 00:00:00','pelicans','pacers',5.0,-110,0,0,'pacers 5.0',100.0,122,129,'Win',91,NULL,NULL,NULL,NULL,NULL,NULL,NULL,NULL,NULL,NULL,NULL,NULL,NULL,NULL,NULL,NULL,NULL,NULL,NULL);
INSERT INTO plays VALUES(42,'2022-11-07 00:00:00','pelicans','pacers',5.0,-110,0,100,'pacers ML',50.0,122,129,'Win',50,NULL,NULL,NULL,NULL,NULL,NULL,NULL,NULL,NULL,NULL,NULL,NULL,NULL,NULL,NULL,NULL,NULL,NULL,NULL);
INSERT INTO plays VALUES(43,'2022-11-07 00:00:00','lakers','jazz',-7.0,-110,0,0,'lakers 7.0',100.0,116,139,'Loss',-100,NULL,NULL,NULL,NULL,NULL,NULL,NULL,NULL,NULL,NULL,NULL,NULL,NULL,NULL,NULL,NULL,NULL,NULL,NULL);
INSERT INTO plays VALUES(44,'2022-11-07 00:00:00','blazers','heat',-5.0,-110,0,0,'blazers 5.0',200.0,110,107,'Win',182,NULL,NULL,NULL,NULL,NULL,NULL,NULL,NULL,NULL,NULL,NULL,NULL,NULL,NULL,NULL,NULL,NULL,NULL,NULL);
INSERT INTO plays VALUES(45,'2022-11-07 00:00:00','blazers','heat',-5.0,-110,100,0,'blazers ML',100.0,110,107,'Win',100,NULL,NULL,NULL,NULL,NULL,NULL,NULL,NULL,NULL,NULL,NULL,NULL,NULL,NULL,NULL,NULL,NULL,NULL,NULL);
INSERT INTO plays VALUES(46,'2022-11-09 00:00:00','jazz','hawks',-4.0,-110,0,0,'jazz 4.0',200.0,125,119,'Win',182,NULL,NULL,NULL,NULL,NULL,NULL,NULL,NULL,NULL,NULL,NULL,NULL,NULL,NULL,NULL,NULL,NULL,NULL,NULL);
INSERT INTO plays VALUES(47,'2022-11-09 00:00:00','jazz','hawks',-4.0,-110,100,0,'jazz ML',100.0,125,119,'Win',100,NULL,NULL,NULL,NULL,NULL,NULL,NULL,NULL,NULL,NULL,NULL,NULL,NULL,NULL,NULL,NULL,NULL,NULL,NULL);
INSERT INTO plays VALUES(48,'2022-11-10 00:00:00','hornets','heat',-10.500000000000000444,-110,0,0,'hornets 10.5',100.0,112,117,'Win',91,NULL,NULL,NULL,NULL,NULL,NULL,NULL,NULL,NULL,NULL,NULL,NULL,NULL,NULL,NULL,NULL,NULL,NULL,NULL);
INSERT INTO plays VALUES(49,'2022-11-10 00:00:00','mavericks','wizards',5.5,-110,0,0,'wizards 5.5',200.0,105,113,'Win',182,NULL,NULL,NULL,NULL,NULL,NULL,NULL,NULL,NULL,NULL,NULL,NULL,NULL,NULL,NULL,NULL,NULL,NULL,NULL);
INSERT INTO plays VALUES(50,'2022-11-10 00:00:00','mavericks','wizards',5.5,-110,0,100,'wizards ML',100.0,105,113,'Win',100,NULL,NULL,NULL,NULL,NULL,NULL,NULL,NULL,NULL,NULL,NULL,NULL,NULL,NULL,NULL,NULL,NULL,NULL,NULL);
INSERT INTO plays VALUES(51,'2022-11-11 00:00:00','cavaliers','warriors',-3.0,-110,0,0,'cavaliers 3.0',100.0,101,106,'Loss',-100,NULL,NULL,NULL,NULL,NULL,NULL,NULL,NULL,NULL,NULL,NULL,NULL,NULL,NULL,NULL,NULL,NULL,NULL,NULL);
INSERT INTO plays VALUES(52,'2022-11-11 00:00:00','cavaliers','warriors',-3.0,-110,100,0,'cavaliers ML',50.0,101,106,'Loss',-50,NULL,NULL,NULL,NULL,NULL,NULL,NULL,NULL,NULL,NULL,NULL,NULL,NULL,NULL,NULL,NULL,NULL,NULL,NULL);
INSERT INTO plays VALUES(53,'2022-11-11 00:00:00','suns','magic',7.0,-110,0,0,'magic 7.0',100.0,97,114,'Win',91,NULL,NULL,NULL,NULL,NULL,NULL,NULL,NULL,NULL,NULL,NULL,NULL,NULL,NULL,NULL,NULL,NULL,NULL,NULL);
INSERT INTO plays VALUES(54,'2022-11-11 00:00:00','kings','lakers',3.5,-110,0,0,'lakers 3.5',100.0,120,114,'Loss',-100,NULL,NULL,NULL,NULL,NULL,NULL,NULL,NULL,NULL,NULL,NULL,NULL,NULL,NULL,NULL,NULL,NULL,NULL,NULL);
INSERT INTO plays VALUES(55,'2022-11-11 00:00:00','kings','lakers',3.5,-110,0,100,'lakers ML',50.0,120,114,'Loss',-50,NULL,NULL,NULL,NULL,NULL,NULL,NULL,NULL,NULL,NULL,NULL,NULL,NULL,NULL,NULL,NULL,NULL,NULL,NULL);
INSERT INTO plays VALUES(56,'2022-11-12 00:00:00','hornets','heat',-8.5,-110,0,0,'hornets 8.5',100.0,115,132,'Loss',-100,NULL,NULL,NULL,NULL,NULL,NULL,NULL,NULL,NULL,NULL,NULL,NULL,NULL,NULL,NULL,NULL,NULL,NULL,NULL);
INSERT INTO plays VALUES(57,'2022-11-12 00:00:00','rockets','pelicans',-10.500000000000000444,-110,0,0,'rockets 10.5',200.0,106,119,'Loss',-200,NULL,NULL,NULL,NULL,NULL,NULL,NULL,NULL,NULL,NULL,NULL,NULL,NULL,NULL,NULL,NULL,NULL,NULL,NULL);
INSERT INTO plays VALUES(58,'2022-11-13 00:00:00','timberwolves','cavaliers',-1.0,-110,0,0,'timberwolves 1.0',100.0,129,124,'Win',91,NULL,NULL,NULL,NULL,NULL,NULL,NULL,NULL,NULL,NULL,NULL,NULL,NULL,NULL,NULL,NULL,NULL,NULL,NULL);
INSERT INTO plays VALUES(59,'2022-11-13 00:00:00','timberwolves','cavaliers',-1.0,-110,100,0,'timberwolves ML',50.0,129,124,'Win',50,NULL,NULL,NULL,NULL,NULL,NULL,NULL,NULL,NULL,NULL,NULL,NULL,NULL,NULL,NULL,NULL,NULL,NULL,NULL);
INSERT INTO plays VALUES(60,'2022-11-13 00:00:00','warriors','kings',4.0,-110,0,0,'kings 4.0',200.0,115,122,'Win',182,NULL,NULL,NULL,NULL,NULL,NULL,NULL,NULL,NULL,NULL,NULL,NULL,NULL,NULL,NULL,NULL,NULL,NULL,NULL);
INSERT INTO plays VALUES(61,'2022-11-13 00:00:00','warriors','kings',4.0,-110,0,100,'kings ML',100.0,115,122,'Win',100,NULL,NULL,NULL,NULL,NULL,NULL,NULL,NULL,NULL,NULL,NULL,NULL,NULL,NULL,NULL,NULL,NULL,NULL,NULL);
INSERT INTO plays VALUES(62,'2022-11-14 00:00:00','suns','heat',-2.5,-110,0,0,'suns 2.5',200.0,112,113,'Win',182,NULL,NULL,NULL,NULL,NULL,NULL,NULL,NULL,NULL,NULL,NULL,NULL,NULL,NULL,NULL,NULL,NULL,NULL,NULL);
INSERT INTO plays VALUES(63,'2022-11-14 00:00:00','suns','heat',-2.5,-110,100,0,'suns ML',100.0,112,113,'Loss',-100,NULL,NULL,NULL,NULL,NULL,NULL,NULL,NULL,NULL,NULL,NULL,NULL,NULL,NULL,NULL,NULL,NULL,NULL,NULL);
INSERT INTO plays VALUES(64,'2022-11-15 00:00:00','nets','kings',-1.5,-110,0,0,'nets 1.5',200.0,121,153,'Loss',-200,NULL,NULL,NULL,NULL,NULL,NULL,NULL,NULL,NULL,NULL,NULL,NULL,NULL,NULL,NULL,NULL,NULL,NULL,NULL);
INSERT INTO plays VALUES(65,'2022-11-15 00:00:00','nets','kings',-1.5,-110,100,0,'nets ML',100.0,121,153,'Loss',-100,NULL,NULL,NULL,NULL,NULL,NULL,NULL,NULL,NULL,NULL,NULL,NULL,NULL,NULL,NULL,NULL,NULL,NULL,NULL);
INSERT INTO plays VALUES(66,'2022-11-15 00:00:00','clippers','mavericks',-6.5,-110,0,0,'clippers 6.5',200.0,101,103,'Win',182,NULL,NULL,NULL,NULL,NULL,NULL,NULL,NULL,NULL,NULL,NULL,NULL,NULL,NULL,NULL,NULL,NULL,NULL,NULL);
INSERT INTO plays VALUES(67,'2022-11-15 00:00:00','knicks','jazz',-4.0,-110,0,0,'knicks 4.0',200.0,118,111,'Win',182,NULL,NULL,NULL,NULL,NULL,NULL,NULL,NULL,NULL,NULL,NULL,NULL,NULL,NULL,NULL,NULL,NULL,NULL,NULL);
INSERT INTO plays VALUES(68,'2022-11-15 00:00:00','knicks','jazz',-4.0,-110,100,0,'knicks ML',100.0,118,111,'Win',100,NULL,NULL,NULL,NULL,NULL,NULL,NULL,NULL,NULL,NULL,NULL,NULL,NULL,NULL,NULL,NULL,NULL,NULL,NULL);
INSERT INTO plays VALUES(69,'2022-11-15 00:00:00','spurs','blazers',-8.5,-110,0,0,'spurs 8.5',100.0,110,117,'Win',91,NULL,NULL,NULL,NULL,NULL,NULL,NULL,NULL,NULL,NULL,NULL,NULL,NULL,NULL,NULL,NULL,NULL,NULL,NULL);
INSERT INTO plays VALUES(70,'2022-11-16 00:00:00','heat','raptors',-3.0,-110,0,0,'heat 3.0',200.0,104,112,'Loss',-200,NULL,NULL,NULL,NULL,NULL,NULL,NULL,NULL,NULL,NULL,NULL,NULL,NULL,NULL,NULL,NULL,NULL,NULL,NULL);
INSERT INTO plays VALUES(71,'2022-11-16 00:00:00','heat','raptors',-3.0,-110,100,0,'heat ML',100.0,104,112,'Loss',-100,NULL,NULL,NULL,NULL,NULL,NULL,NULL,NULL,NULL,NULL,NULL,NULL,NULL,NULL,NULL,NULL,NULL,NULL,NULL);
INSERT INTO plays VALUES(72,'2022-11-16 00:00:00','timberwolves','magic',8.0,-110,0,0,'magic 8.0',100.0,126,108,'Loss',-100,NULL,NULL,NULL,NULL,NULL,NULL,NULL,NULL,NULL,NULL,NULL,NULL,NULL,NULL,NULL,NULL,NULL,NULL,NULL);
INSERT INTO plays VALUES(73,'2022-11-16 00:00:00','warriors','suns',2.5,-110,0,0,'suns 2.5',100.0,119,130,'Win',91,NULL,NULL,NULL,NULL,NULL,NULL,NULL,NULL,NULL,NULL,NULL,NULL,NULL,NULL,NULL,NULL,NULL,NULL,NULL);
INSERT INTO plays VALUES(74,'2022-11-16 00:00:00','warriors','suns',2.5,-110,0,100,'suns ML',50.0,119,130,'Win',50,NULL,NULL,NULL,NULL,NULL,NULL,NULL,NULL,NULL,NULL,NULL,NULL,NULL,NULL,NULL,NULL,NULL,NULL,NULL);
INSERT INTO plays VALUES(75,'2022-11-17 00:00:00','nets','blazers',-3.0,-110,0,0,'nets 3.0',100.0,109,107,'Win',91,NULL,NULL,NULL,NULL,NULL,NULL,NULL,NULL,NULL,NULL,NULL,NULL,NULL,NULL,NULL,NULL,NULL,NULL,NULL);
INSERT INTO plays VALUES(76,'2022-11-17 00:00:00','nets','blazers',-3.0,-110,100,0,'nets ML',50.0,109,107,'Win',50,NULL,NULL,NULL,NULL,NULL,NULL,NULL,NULL,NULL,NULL,NULL,NULL,NULL,NULL,NULL,NULL,NULL,NULL,NULL);
INSERT INTO plays VALUES(77,'2022-11-17 00:00:00','pistons','clippers',-10.500000000000000444,-110,0,0,'pistons 10.5',100.0,91,96,'Win',91,NULL,NULL,NULL,NULL,NULL,NULL,NULL,NULL,NULL,NULL,NULL,NULL,NULL,NULL,NULL,NULL,NULL,NULL,NULL);
INSERT INTO plays VALUES(78,'2022-11-18 00:00:00','hornets','cavaliers',-10.0,-110,0,0,'hornets 10.0',100.0,122,132,'Push',0,NULL,NULL,NULL,NULL,NULL,NULL,NULL,NULL,NULL,NULL,NULL,NULL,NULL,NULL,NULL,NULL,NULL,NULL,NULL);
INSERT INTO plays VALUES(79,'2022-11-18 00:00:00','nuggets','mavericks',-10.0,-110,0,0,'nuggets 10.0',100.0,99,127,'Loss',-100,NULL,NULL,NULL,NULL,NULL,NULL,NULL,NULL,NULL,NULL,NULL,NULL,NULL,NULL,NULL,NULL,NULL,NULL,NULL);
INSERT INTO plays VALUES(80,'2022-11-18 00:00:00','pacers','rockets',5.5,-110,0,0,'rockets 5.5',200.0,99,91,'Loss',-200,NULL,NULL,NULL,NULL,NULL,NULL,NULL,NULL,NULL,NULL,NULL,NULL,NULL,NULL,NULL,NULL,NULL,NULL,NULL);
INSERT INTO plays VALUES(81,'2022-11-18 00:00:00','pacers','rockets',5.5,-110,0,100,'rockets ML',100.0,99,91,'Loss',-100,NULL,NULL,NULL,NULL,NULL,NULL,NULL,NULL,NULL,NULL,NULL,NULL,NULL,NULL,NULL,NULL,NULL,NULL,NULL);
INSERT INTO plays VALUES(82,'2022-11-18 00:00:00','heat','wizards',-7.5,-110,0,0,'heat 7.5',200.0,106,107,'Win',182,NULL,NULL,NULL,NULL,NULL,NULL,NULL,NULL,NULL,NULL,NULL,NULL,NULL,NULL,NULL,NULL,NULL,NULL,NULL);
INSERT INTO plays VALUES(83,'2022-11-19 00:00:00','spurs','clippers',-8.5,-110,0,0,'spurs 8.5',100.0,97,119,'Loss',-100,NULL,NULL,NULL,NULL,NULL,NULL,NULL,NULL,NULL,NULL,NULL,NULL,NULL,NULL,NULL,NULL,NULL,NULL,NULL);
INSERT INTO plays VALUES(84,'2022-11-19 00:00:00','magic','pacers',-7.5,-110,0,0,'magic 7.5',100.0,113,114,'Win',91,NULL,NULL,NULL,NULL,NULL,NULL,NULL,NULL,NULL,NULL,NULL,NULL,NULL,NULL,NULL,NULL,NULL,NULL,NULL);
INSERT INTO plays VALUES(85,'2022-11-19 00:00:00','jazz','blazers',-4.0,-110,0,0,'jazz 4.0',100.0,118,113,'Win',91,NULL,NULL,NULL,NULL,NULL,NULL,NULL,NULL,NULL,NULL,NULL,NULL,NULL,NULL,NULL,NULL,NULL,NULL,NULL);
INSERT INTO plays VALUES(86,'2022-11-19 00:00:00','jazz','blazers',-4.0,-110,100,0,'jazz ML',50.0,118,113,'Win',50,NULL,NULL,NULL,NULL,NULL,NULL,NULL,NULL,NULL,NULL,NULL,NULL,NULL,NULL,NULL,NULL,NULL,NULL,NULL);
INSERT INTO plays VALUES(87,'2022-11-20 00:00:00','heat','cavaliers',-7.5,-110,0,0,'cavaliers -7.5',100.0,87,113,'Win',91,NULL,NULL,NULL,NULL,NULL,NULL,NULL,NULL,NULL,NULL,NULL,NULL,NULL,NULL,NULL,NULL,NULL,NULL,NULL);
INSERT INTO plays VALUES(88,'2022-11-20 00:00:00','nuggets','mavericks',-10.0,-110,0,0,'nuggets 10.0',100.0,98,97,'Win',91,NULL,NULL,NULL,NULL,NULL,NULL,NULL,NULL,NULL,NULL,NULL,NULL,NULL,NULL,NULL,NULL,NULL,NULL,NULL);
INSERT INTO plays VALUES(89,'2022-11-20 00:00:00','pistons','kings',-10.500000000000000444,-110,0,0,'pistons 10.5',200.0,129,137,'Win',182,NULL,NULL,NULL,NULL,NULL,NULL,NULL,NULL,NULL,NULL,NULL,NULL,NULL,NULL,NULL,NULL,NULL,NULL,NULL);
INSERT INTO plays VALUES(90,'2022-11-20 00:00:00','warriors','rockets',10.500000000000000444,-110,0,0,'rockets 10.5',100.0,127,120,'Win',91,NULL,NULL,NULL,NULL,NULL,NULL,NULL,NULL,NULL,NULL,NULL,NULL,NULL,NULL,NULL,NULL,NULL,NULL,NULL);
INSERT INTO plays VALUES(91,'2022-11-21 00:00:00','hawks','cavaliers',-3.0,-110,0,0,'cavaliers -3.0',100.0,102,114,'Win',91,NULL,NULL,NULL,NULL,NULL,NULL,NULL,NULL,NULL,NULL,NULL,NULL,NULL,NULL,NULL,NULL,NULL,NULL,NULL);
INSERT INTO plays VALUES(92,'2022-11-21 00:00:00','warriors','pelicans',-11.000000000000000888,-110,0,0,'warriors 11.0',200.0,83,128,'Loss',-200,NULL,NULL,NULL,NULL,NULL,NULL,NULL,NULL,NULL,NULL,NULL,NULL,NULL,NULL,NULL,NULL,NULL,NULL,NULL);
INSERT INTO plays VALUES(93,'2022-11-21 00:00:00','jazz','clippers',-2.5,-110,0,0,'jazz 2.5',100.0,114,121,'Loss',-100,NULL,NULL,NULL,NULL,NULL,NULL,NULL,NULL,NULL,NULL,NULL,NULL,NULL,NULL,NULL,NULL,NULL,NULL,NULL);
INSERT INTO plays VALUES(94,'2022-11-21 00:00:00','jazz','clippers',-2.5,-110,100,0,'jazz ML',50.0,114,121,'Loss',-50,NULL,NULL,NULL,NULL,NULL,NULL,NULL,NULL,NULL,NULL,NULL,NULL,NULL,NULL,NULL,NULL,NULL,NULL,NULL);
INSERT INTO plays VALUES(95,'2022-11-21 00:00:00','heat','timberwolves',-8.5,-110,0,0,'heat 8.5',100.0,101,105,'Win',91,NULL,NULL,NULL,NULL,NULL,NULL,NULL,NULL,NULL,NULL,NULL,NULL,NULL,NULL,NULL,NULL,NULL,NULL,NULL);
INSERT INTO plays VALUES(96,'2022-11-21 00:00:00','magic','pacers',-7.0,-110,0,0,'magic 7.0',100.0,102,123,'Loss',-100,NULL,NULL,NULL,NULL,NULL,NULL,NULL,NULL,NULL,NULL,NULL,NULL,NULL,NULL,NULL,NULL,NULL,NULL,NULL);
INSERT INTO plays VALUES(97,'2022-11-22 00:00:00','pistons','nuggets',-11.499999999999999111,-110,0,0,'pistons 11.5',100.0,110,108,'Win',91,NULL,NULL,NULL,NULL,NULL,NULL,NULL,NULL,NULL,NULL,NULL,NULL,NULL,NULL,NULL,NULL,NULL,NULL,NULL);
INSERT INTO plays VALUES(98,'2022-11-22 00:00:00','nets','76ers',8.0,-110,0,0,'76ers 8.0',200.0,106,115,'Win',182,NULL,NULL,NULL,NULL,NULL,NULL,NULL,NULL,NULL,NULL,NULL,NULL,NULL,NULL,NULL,NULL,NULL,NULL,NULL);
INSERT INTO plays VALUES(99,'2022-11-22 00:00:00','lakers','suns',-9.5,-110,0,0,'suns -9.5',100.0,105,115,'Win',91,NULL,NULL,NULL,NULL,NULL,NULL,NULL,NULL,NULL,NULL,NULL,NULL,NULL,NULL,NULL,NULL,NULL,NULL,NULL);
INSERT INTO plays VALUES(100,'2022-11-23 00:00:00','pistons','jazz',-11.499999999999999111,-110,0,0,'pistons 11.5',100.0,125,116,'Win',91,NULL,NULL,NULL,NULL,NULL,NULL,NULL,NULL,NULL,NULL,NULL,NULL,NULL,NULL,NULL,NULL,NULL,NULL,NULL);
INSERT INTO plays VALUES(101,'2022-11-23 00:00:00','clippers','warriors',-10.0,-110,0,0,'clippers 10.0',100.0,107,124,'Loss',-100,NULL,NULL,NULL,NULL,NULL,NULL,NULL,NULL,NULL,NULL,NULL,NULL,NULL,NULL,NULL,NULL,NULL,NULL,NULL);
INSERT INTO plays VALUES(102,'2022-11-23 00:00:00','wizards','heat',-4.5,-110,0,0,'wizards 4.5',100.0,105,113,'Loss',-100,NULL,NULL,NULL,NULL,NULL,NULL,NULL,NULL,NULL,NULL,NULL,NULL,NULL,NULL,NULL,NULL,NULL,NULL,NULL);
INSERT INTO plays VALUES(103,'2022-11-23 00:00:00','wizards','heat',-4.5,-110,100,0,'wizards ML',50.0,105,113,'Loss',-50,NULL,NULL,NULL,NULL,NULL,NULL,NULL,NULL,NULL,NULL,NULL,NULL,NULL,NULL,NULL,NULL,NULL,NULL,NULL);
INSERT INTO plays VALUES(104,'2022-11-25 00:00:00','nuggets','clippers',4.0,-110,0,0,'clippers 4.0',100.0,114,104,'Loss',-100,NULL,NULL,NULL,NULL,NULL,NULL,NULL,NULL,NULL,NULL,NULL,NULL,NULL,NULL,NULL,NULL,NULL,NULL,NULL);
INSERT INTO plays VALUES(105,'2022-11-25 00:00:00','nuggets','clippers',4.0,-110,0,100,'clippers ML',50.0,114,104,'Loss',-50,NULL,NULL,NULL,NULL,NULL,NULL,NULL,NULL,NULL,NULL,NULL,NULL,NULL,NULL,NULL,NULL,NULL,NULL,NULL);
INSERT INTO plays VALUES(106,'2022-11-25 00:00:00','pistons','suns',-11.999999999999999644,-110,0,0,'pistons 12.0',200.0,102,108,'Win',182,NULL,NULL,NULL,NULL,NULL,NULL,NULL,NULL,NULL,NULL,NULL,NULL,NULL,NULL,NULL,NULL,NULL,NULL,NULL);
INSERT INTO plays VALUES(107,'2022-11-25 00:00:00','wizards','heat',-3.0,-110,0,0,'wizards 3.0',100.0,107,110,'Push',0,NULL,NULL,NULL,NULL,NULL,NULL,NULL,NULL,NULL,NULL,NULL,NULL,NULL,NULL,NULL,NULL,NULL,NULL,NULL);
INSERT INTO plays VALUES(108,'2022-11-25 00:00:00','wizards','heat',-3.0,-110,100,0,'wizards ML',50.0,107,110,'Loss',-50,NULL,NULL,NULL,NULL,NULL,NULL,NULL,NULL,NULL,NULL,NULL,NULL,NULL,NULL,NULL,NULL,NULL,NULL,NULL);
INSERT INTO plays VALUES(109,'2022-11-25 00:00:00','blazers','knicks',-4.0,-110,0,0,'blazers 4.0',200.0,132,129,'Win',182,NULL,NULL,NULL,NULL,NULL,NULL,NULL,NULL,NULL,NULL,NULL,NULL,NULL,NULL,NULL,NULL,NULL,NULL,NULL);
INSERT INTO plays VALUES(110,'2022-11-25 00:00:00','blazers','knicks',-4.0,-110,100,0,'blazers ML',100.0,132,129,'Win',100,NULL,NULL,NULL,NULL,NULL,NULL,NULL,NULL,NULL,NULL,NULL,NULL,NULL,NULL,NULL,NULL,NULL,NULL,NULL);
INSERT INTO plays VALUES(111,'2022-11-26 00:00:00','mavericks','raptors',2.5,-110,0,0,'raptors 2.5',200.0,100,105,'Win',182,NULL,NULL,NULL,NULL,NULL,NULL,NULL,NULL,NULL,NULL,NULL,NULL,NULL,NULL,NULL,NULL,NULL,NULL,NULL);
INSERT INTO plays VALUES(112,'2022-11-26 00:00:00','mavericks','raptors',2.5,-110,0,100,'raptors ML',100.0,100,105,'Win',100,NULL,NULL,NULL,NULL,NULL,NULL,NULL,NULL,NULL,NULL,NULL,NULL,NULL,NULL,NULL,NULL,NULL,NULL,NULL);
INSERT INTO plays VALUES(113,'2022-11-27 00:00:00','blazers','nets',-8.0,-110,0,0,'blazers 8.0',200.0,97,111,'Loss',-200,NULL,NULL,NULL,NULL,NULL,NULL,NULL,NULL,NULL,NULL,NULL,NULL,NULL,NULL,NULL,NULL,NULL,NULL,NULL);
INSERT INTO plays VALUES(114,'2022-11-27 00:00:00','mavericks','bucks',-6.0,-110,0,0,'bucks -6.0',200.0,115,124,'Win',182,NULL,NULL,NULL,NULL,NULL,NULL,NULL,NULL,NULL,NULL,NULL,NULL,NULL,NULL,NULL,NULL,NULL,NULL,NULL);
INSERT INTO plays VALUES(115,'2022-11-27 00:00:00','76ers','magic',1.0,-110,0,0,'magic 1.0',100.0,133,103,'Loss',-100,NULL,NULL,NULL,NULL,NULL,NULL,NULL,NULL,NULL,NULL,NULL,NULL,NULL,NULL,NULL,NULL,NULL,NULL,NULL);
INSERT INTO plays VALUES(116,'2022-11-27 00:00:00','76ers','magic',1.0,-110,0,100,'magic ML',50.0,133,103,'Loss',-50,NULL,NULL,NULL,NULL,NULL,NULL,NULL,NULL,NULL,NULL,NULL,NULL,NULL,NULL,NULL,NULL,NULL,NULL,NULL);
INSERT INTO plays VALUES(117,'2022-11-27 00:00:00','wizards','celtics',-8.0,-110,0,0,'wizards 8.0',100.0,121,130,'Loss',-100,NULL,NULL,NULL,NULL,NULL,NULL,NULL,NULL,NULL,NULL,NULL,NULL,NULL,NULL,NULL,NULL,NULL,NULL,NULL);
INSERT INTO plays VALUES(118,'2022-11-28 00:00:00','magic','nets',-11.999999999999999644,-110,0,0,'magic 12.0',200.0,102,109,'Win',182,NULL,NULL,NULL,NULL,NULL,NULL,NULL,NULL,NULL,NULL,NULL,NULL,NULL,NULL,NULL,NULL,NULL,NULL,NULL);
INSERT INTO plays VALUES(119,'2022-11-28 00:00:00','hornets','celtics',-11.000000000000000888,-110,0,0,'hornets 11.0',100.0,105,140,'Loss',-100,NULL,NULL,NULL,NULL,NULL,NULL,NULL,NULL,NULL,NULL,NULL,NULL,NULL,NULL,NULL,NULL,NULL,NULL,NULL);
INSERT INTO plays VALUES(120,'2022-11-28 00:00:00','pacers','lakers',-3.5,-110,0,0,'lakers -3.5',100.0,116,115,'Loss',-100,NULL,NULL,NULL,NULL,NULL,NULL,NULL,NULL,NULL,NULL,NULL,NULL,NULL,NULL,NULL,NULL,NULL,NULL,NULL);
INSERT INTO plays VALUES(121,'2022-11-28 00:00:00','thunder','pelicans',-5.5,-110,0,0,'thunder 5.5',100.0,101,105,'Win',91,NULL,NULL,NULL,NULL,NULL,NULL,NULL,NULL,NULL,NULL,NULL,NULL,NULL,NULL,NULL,NULL,NULL,NULL,NULL);
INSERT INTO plays VALUES(122,'2022-11-28 00:00:00','thunder','pelicans',-5.5,-110,100,0,'thunder ML',50.0,101,105,'Loss',-50,NULL,NULL,NULL,NULL,NULL,NULL,NULL,NULL,NULL,NULL,NULL,NULL,NULL,NULL,NULL,NULL,NULL,NULL,NULL);
INSERT INTO plays VALUES(123,'2022-11-29 00:00:00','warriors','mavericks',-1.0,-110,0,0,'warriors 1.0',100.0,113,116,'Loss',-100,NULL,NULL,NULL,NULL,NULL,NULL,NULL,NULL,NULL,NULL,NULL,NULL,NULL,NULL,NULL,NULL,NULL,NULL,NULL);
INSERT INTO plays VALUES(124,'2022-11-29 00:00:00','warriors','mavericks',-1.0,-110,100,0,'warriors ML',50.0,113,116,'Loss',-50,NULL,NULL,NULL,NULL,NULL,NULL,NULL,NULL,NULL,NULL,NULL,NULL,NULL,NULL,NULL,NULL,NULL,NULL,NULL);
INSERT INTO plays VALUES(125,'2022-11-29 00:00:00','clippers','blazers',-4.0,-110,0,0,'clippers 4.0',100.0,118,112,'Win',91,NULL,NULL,NULL,NULL,NULL,NULL,NULL,NULL,NULL,NULL,NULL,NULL,NULL,NULL,NULL,NULL,NULL,NULL,NULL);
INSERT INTO plays VALUES(126,'2022-11-29 00:00:00','clippers','blazers',-4.0,-110,100,0,'clippers ML',50.0,118,112,'Win',50,NULL,NULL,NULL,NULL,NULL,NULL,NULL,NULL,NULL,NULL,NULL,NULL,NULL,NULL,NULL,NULL,NULL,NULL,NULL);
INSERT INTO plays VALUES(127,'2022-11-30 00:00:00','wizards','nets',-6.0,-110,0,0,'wizards 6.0',100.0,107,113,'Push',0,NULL,NULL,NULL,NULL,NULL,NULL,NULL,NULL,NULL,NULL,NULL,NULL,NULL,NULL,NULL,NULL,NULL,NULL,NULL);
INSERT INTO plays VALUES(128,'2022-11-30 00:00:00','clippers','jazz',-7.5,-110,0,0,'clippers 7.5',100.0,112,125,'Loss',-100,NULL,NULL,NULL,NULL,NULL,NULL,NULL,NULL,NULL,NULL,NULL,NULL,NULL,NULL,NULL,NULL,NULL,NULL,NULL);
INSERT INTO plays VALUES(129,'2022-11-30 00:00:00','blazers','lakers',-6.0,-110,0,0,'blazers 6.0',100.0,109,128,'Loss',-100,NULL,NULL,NULL,NULL,NULL,NULL,NULL,NULL,NULL,NULL,NULL,NULL,NULL,NULL,NULL,NULL,NULL,NULL,NULL);
INSERT INTO plays VALUES(130,'2022-11-30 00:00:00','bucks','knicks',6.0,-110,0,0,'knicks 6.0',100.0,109,103,'Push',0,NULL,NULL,NULL,NULL,NULL,NULL,NULL,NULL,NULL,NULL,NULL,NULL,NULL,NULL,NULL,NULL,NULL,NULL,NULL);
INSERT INTO plays VALUES(131,'2022-11-30 00:00:00','spurs','thunder',-3.0,-110,0,0,'spurs 3.0',100.0,111,119,'Loss',-100,NULL,NULL,NULL,NULL,NULL,NULL,NULL,NULL,NULL,NULL,NULL,NULL,NULL,NULL,NULL,NULL,NULL,NULL,NULL);
INSERT INTO plays VALUES(132,'2022-11-30 00:00:00','spurs','thunder',-3.0,-110,100,0,'spurs ML',50.0,111,119,'Loss',-50,NULL,NULL,NULL,NULL,NULL,NULL,NULL,NULL,NULL,NULL,NULL,NULL,NULL,NULL,NULL,NULL,NULL,NULL,NULL);
INSERT INTO plays VALUES(133,'2022-12-02 00:00:00','heat','celtics',-7.0,-110,0,0,'heat 7.0',200.0,120,116,'Win',182,NULL,NULL,NULL,NULL,NULL,NULL,NULL,NULL,NULL,NULL,NULL,NULL,NULL,NULL,NULL,NULL,NULL,NULL,NULL);
INSERT INTO plays VALUES(134,'2022-12-02 00:00:00','magic','cavaliers',-10.500000000000000444,-110,0,0,'magic 10.5',200.0,96,107,'Loss',-200,NULL,NULL,NULL,NULL,NULL,NULL,NULL,NULL,NULL,NULL,NULL,NULL,NULL,NULL,NULL,NULL,NULL,NULL,NULL);
INSERT INTO plays VALUES(135,'2022-12-03 00:00:00','thunder','timberwolves',-5.0,-110,0,0,'thunder 5.0',200.0,135,128,'Win',182,NULL,NULL,NULL,NULL,NULL,NULL,NULL,NULL,NULL,NULL,NULL,NULL,NULL,NULL,NULL,NULL,NULL,NULL,NULL);
INSERT INTO plays VALUES(136,'2022-12-03 00:00:00','thunder','timberwolves',-5.0,-110,100,0,'thunder ML',100.0,135,128,'Win',100,NULL,NULL,NULL,NULL,NULL,NULL,NULL,NULL,NULL,NULL,NULL,NULL,NULL,NULL,NULL,NULL,NULL,NULL,NULL);
INSERT INTO plays VALUES(137,'2022-12-03 00:00:00','blazers','jazz',-5.0,-110,0,0,'blazers 5.0',100.0,116,111,'Win',91,NULL,NULL,NULL,NULL,NULL,NULL,NULL,NULL,NULL,NULL,NULL,NULL,NULL,NULL,NULL,NULL,NULL,NULL,NULL);
INSERT INTO plays VALUES(138,'2022-12-03 00:00:00','blazers','jazz',-5.0,-110,100,0,'blazers ML',50.0,116,111,'Win',50,NULL,NULL,NULL,NULL,NULL,NULL,NULL,NULL,NULL,NULL,NULL,NULL,NULL,NULL,NULL,NULL,NULL,NULL,NULL);
INSERT INTO plays VALUES(139,'2022-12-04 00:00:00','celtics','nets',2.5,-110,0,0,'nets 2.5',100.0,103,92,'Loss',-100,NULL,NULL,NULL,NULL,NULL,NULL,NULL,NULL,NULL,NULL,NULL,NULL,NULL,NULL,NULL,NULL,NULL,NULL,NULL);
INSERT INTO plays VALUES(140,'2022-12-04 00:00:00','celtics','nets',2.5,-110,0,100,'nets ML',50.0,103,92,'Loss',-50,NULL,NULL,NULL,NULL,NULL,NULL,NULL,NULL,NULL,NULL,NULL,NULL,NULL,NULL,NULL,NULL,NULL,NULL,NULL);
INSERT INTO plays VALUES(141,'2022-12-04 00:00:00','bulls','kings',-3.0,-110,0,0,'bulls 3.0',100.0,101,110,'Loss',-100,NULL,NULL,NULL,NULL,NULL,NULL,NULL,NULL,NULL,NULL,NULL,NULL,NULL,NULL,NULL,NULL,NULL,NULL,NULL);
INSERT INTO plays VALUES(142,'2022-12-04 00:00:00','bulls','kings',-3.0,-110,100,0,'bulls ML',50.0,101,110,'Loss',-50,NULL,NULL,NULL,NULL,NULL,NULL,NULL,NULL,NULL,NULL,NULL,NULL,NULL,NULL,NULL,NULL,NULL,NULL,NULL);
INSERT INTO plays VALUES(143,'2022-12-04 00:00:00','cavaliers','knicks',2.5,-110,0,0,'knicks 2.5',200.0,81,92,'Win',182,NULL,NULL,NULL,NULL,NULL,NULL,NULL,NULL,NULL,NULL,NULL,NULL,NULL,NULL,NULL,NULL,NULL,NULL,NULL);
INSERT INTO plays VALUES(144,'2022-12-04 00:00:00','cavaliers','knicks',2.5,-110,0,100,'knicks ML',100.0,81,92,'Win',100,NULL,NULL,NULL,NULL,NULL,NULL,NULL,NULL,NULL,NULL,NULL,NULL,NULL,NULL,NULL,NULL,NULL,NULL,NULL);
INSERT INTO plays VALUES(145,'2022-12-05 00:00:00','thunder','hawks',-6.0,-110,0,0,'thunder 6.0',100.0,121,114,'Win',91,NULL,NULL,NULL,NULL,NULL,NULL,NULL,NULL,NULL,NULL,NULL,NULL,NULL,NULL,NULL,NULL,NULL,NULL,NULL);
INSERT INTO plays VALUES(146,'2022-12-05 00:00:00','bucks','magic',10.500000000000000444,-110,0,0,'magic 10.5',100.0,109,102,'Win',91,NULL,NULL,NULL,NULL,NULL,NULL,NULL,NULL,NULL,NULL,NULL,NULL,NULL,NULL,NULL,NULL,NULL,NULL,NULL);
INSERT INTO plays VALUES(147,'2022-12-05 00:00:00','76ers','rockets',8.0,-110,0,0,'rockets 8.0',100.0,123,132,'Win',91,NULL,NULL,NULL,NULL,NULL,NULL,NULL,NULL,NULL,NULL,NULL,NULL,NULL,NULL,NULL,NULL,NULL,NULL,NULL);
INSERT INTO plays VALUES(148,'2022-12-06 00:00:00','lakers','cavaliers',-5.5,-110,0,0,'cavaliers -5.5',200.0,102,116,'Win',182,NULL,NULL,NULL,NULL,NULL,NULL,NULL,NULL,NULL,NULL,NULL,NULL,NULL,NULL,NULL,NULL,NULL,NULL,NULL);
INSERT INTO plays VALUES(149,'2022-12-06 00:00:00','pistons','heat',-7.5,-110,0,0,'pistons 7.5',100.0,116,96,'Win',91,NULL,NULL,NULL,NULL,NULL,NULL,NULL,NULL,NULL,NULL,NULL,NULL,NULL,NULL,NULL,NULL,NULL,NULL,NULL);
INSERT INTO plays VALUES(150,'2022-12-07 00:00:00','hornets','nets',-10.500000000000000444,-110,0,0,'hornets 10.5',200.0,116,122,'Win',182,NULL,NULL,NULL,NULL,NULL,NULL,NULL,NULL,NULL,NULL,NULL,NULL,NULL,NULL,NULL,NULL,NULL,NULL,NULL);
INSERT INTO plays VALUES(151,'2022-12-07 00:00:00','lakers','raptors',-12.5,-110,0,0,'lakers 12.5',100.0,113,126,'Loss',-100,NULL,NULL,NULL,NULL,NULL,NULL,NULL,NULL,NULL,NULL,NULL,NULL,NULL,NULL,NULL,NULL,NULL,NULL,NULL);
INSERT INTO plays VALUES(152,'2022-12-07 00:00:00','pacers','timberwolves',-4.5,-110,0,0,'pacers 4.5',200.0,115,121,'Loss',-200,NULL,NULL,NULL,NULL,NULL,NULL,NULL,NULL,NULL,NULL,NULL,NULL,NULL,NULL,NULL,NULL,NULL,NULL,NULL);
INSERT INTO plays VALUES(153,'2022-12-07 00:00:00','pacers','timberwolves',-4.5,-110,100,0,'pacers ML',100.0,115,121,'Loss',-100,NULL,NULL,NULL,NULL,NULL,NULL,NULL,NULL,NULL,NULL,NULL,NULL,NULL,NULL,NULL,NULL,NULL,NULL,NULL);
INSERT INTO plays VALUES(154,'2022-12-07 00:00:00','pistons','pelicans',-11.000000000000000888,-110,0,0,'pistons 11.0',200.0,98,104,'Win',182,NULL,NULL,NULL,NULL,NULL,NULL,NULL,NULL,NULL,NULL,NULL,NULL,NULL,NULL,NULL,NULL,NULL,NULL,NULL);
INSERT INTO plays VALUES(155,'2022-12-07 00:00:00','clippers','magic',6.5,-110,0,0,'magic 6.5',200.0,111,116,'Win',182,NULL,NULL,NULL,NULL,NULL,NULL,NULL,NULL,NULL,NULL,NULL,NULL,NULL,NULL,NULL,NULL,NULL,NULL,NULL);
INSERT INTO plays VALUES(156,'2022-12-09','bucks','mavericks',1.0,-112,-112,-106,'bucks -1.0',100.0,0,0,'',0,NULL,NULL,NULL,NULL,NULL,NULL,NULL,NULL,NULL,NULL,NULL,NULL,NULL,NULL,NULL,NULL,NULL,NULL,NULL);
INSERT INTO plays VALUES(157,'2022-12-09','raptors','magic',8.0,-110,-300,245,'magic 8.0',100.0,0,0,'',0,NULL,NULL,NULL,NULL,NULL,NULL,NULL,NULL,NULL,NULL,NULL,NULL,NULL,NULL,NULL,NULL,NULL,NULL,NULL);
INSERT INTO plays VALUES(158,'2022-12-09','timberwolves','jazz',-2.0,-110,108,-126,'jazz -2.0',100.0,0,0,'',0,NULL,NULL,NULL,NULL,NULL,NULL,NULL,NULL,NULL,NULL,NULL,NULL,NULL,NULL,NULL,NULL,NULL,NULL,NULL);

COMMIT;
